text_id,cohesion,syntax,vocabulary,phraseology,grammar,conventions
0000C359D63E,3.054875909586077,2.886538225590507,3.2154037695605076,3.063114031924511,2.7648077717586705,2.879510323053
000BAD50D026,2.8507252022918523,2.86845198761178,2.9723319055268984,2.7923351185425496,2.7463032597000003,3.04114321423707
00367BB2546B,3.4515960776343606,3.2727845062261665,3.4209787240737897,3.355711522130392,3.3266859702401104,3.2651145025341086
