text_id,cohesion,syntax,vocabulary,phraseology,grammar,conventions
0000C359D63E,3.0963141594112003,2.9025316156737913,3.213724577945813,3.096887430758054,2.7447002134789953,2.8699724941696534
000BAD50D026,2.842662553800504,2.909317537963946,3.0200626982042125,2.860144251866322,2.774230994240446,3.054875684749269
00367BB2546B,3.4340169095283994,3.220148251193348,3.405644663411974,3.345656390038568,3.2798086168818568,3.2103362937242723
