text_id,cohesion,syntax,vocabulary,phraseology,grammar,conventions
0000C359D63E,3.0771419383079075,2.910645452225451,3.2297998872106994,3.0843242059000384,2.82750633362258,2.9444240416505663
000BAD50D026,2.9174425238370336,2.919718066583078,3.043870895321776,2.8865350456612275,2.8143049568602048,3.0577696801476986
00367BB2546B,3.3876690401195217,3.257302472682169,3.4067550623430556,3.3276179422300016,3.2539679215000046,3.258839945998968
