text_id,cohesion,syntax,vocabulary,phraseology,grammar,conventions
0000C359D63E,2.9846543725168706,2.8324980582227566,3.161046303091087,2.991288599941885,2.663947664926513,2.8461086405349434
000BAD50D026,2.8150837417008985,2.875568541948592,2.9672948877964602,2.810832097035773,2.746862149969008,3.047160224981331
00367BB2546B,3.3851411790377406,3.240177066049238,3.3995804914132144,3.3059566494383703,3.3040505857224303,3.2342923876568994
