text_id,cohesion,syntax,vocabulary,phraseology,grammar,conventions
0000C359D63E,3.048515444724573,2.8618266671996526,3.174396061695636,3.020843146779237,2.7001150610837588,2.9045647452385506
000BAD50D026,2.821111668855882,2.8493577471006284,2.964907141541806,2.802276929457926,2.7288546645301905,3.0470448885428167
00367BB2546B,3.418367196451814,3.2652818972989923,3.4225746811058926,3.331193022080196,3.3395576074758044,3.279358726695948
