text_id,cohesion,syntax,vocabulary,phraseology,grammar,conventions
0000C359D63E,2.996347998806762,2.7888496562268728,2.983615995206237,3.079971864183516,2.614408864177922,2.7954757058655675
000BAD50D026,3.2541752258521286,3.1847316227502156,3.3568906945440276,3.2906444856433037,3.1555537633568607,3.182092427861958
00367BB2546B,3.2622433934062594,3.0621118554044093,3.311084631534956,3.1516748254226346,2.971102074789214,3.175429904838814
