text_id,cohesion,syntax,vocabulary,phraseology,grammar,conventions
0000C359D63E,3.19021318414358,2.9653170455763593,3.29439168447017,3.2792498511815187,2.8326679816640414,2.8087426099100945
000BAD50D026,2.872351372707811,2.970952484642239,3.121130019860307,2.9937421428896043,2.855928822925376,3.073109097084818
00367BB2546B,3.4716032351853783,3.1761426087307845,3.3873427389476536,3.3836103107150723,3.1739186374578647,3.0643060631367116
