{
  "best": {
    "name": "stacked_ensemble",
    "cv_mcrmse": 0.5187324872911527,
    "column_rmse": {
      "cohesion": 0.5318719277748624,
      "syntax": 0.5096552340753897,
      "vocabulary": 0.45649766874069136,
      "phraseology": 0.5169009142588089,
      "grammar": 0.562884017875366,
      "conventions": 0.5345851610217982
    },
    "fold_scores": [],
    "submission_path": "experiments\\submissions\\submission_stacked_ensemble.csv",
    "extras": {
      "components": [
        "ridge_tfidf_per_target",
        "ridge_tfidf_fused",
        "lgbm_svd_fused"
      ],
      "weights_per_target": {
        "cohesion": [
          0.30000000000000004,
          0.25,
          0.44999999999999996
        ],
        "syntax": [
          0.35000000000000003,
          0.2,
          0.4499999999999999
        ],
        "vocabulary": [
          0.45,
          0.2,
          0.35000000000000003
        ],
        "phraseology": [
          0.65,
          0.05,
          0.3
        ],
        "grammar": [
          0.6000000000000001,
          0.05,
          0.3499999999999999
        ],
        "conventions": [
          0.6000000000000001,
          0.1,
          0.29999999999999993
        ]
      }
    }
  },
  "candidates": [
    {
      "name": "ridge_tfidf",
      "cv_mcrmse": 0.5330964712079889,
      "column_rmse": {
        "cohesion": 0.5470357432474355,
        "syntax": 0.5273974250439949,
        "vocabulary": 0.46830599897398617,
        "phraseology": 0.5271627109212524,
        "grammar": 0.5763512936749472,
        "conventions": 0.5523256553863171
      },
      "fold_scores": [
        {
          "fold": 0,
          "mcrmse": 0.5353403956388916,
          "column_rmse": {
            "cohesion": 0.5427422112911032,
            "syntax": 0.5232173956513427,
            "vocabulary": 0.4684435066154429,
            "phraseology": 0.5222592965979725,
            "grammar": 0.5872038307000533,
            "conventions": 0.5681761329774345
          }
        },
        {
          "fold": 1,
          "mcrmse": 0.5313645487614608,
          "column_rmse": {
            "cohesion": 0.5382958338912364,
            "syntax": 0.5365931604447371,
            "vocabulary": 0.47962216113697187,
            "phraseology": 0.5348899268522467,
            "grammar": 0.5630478334156904,
            "conventions": 0.5357383768278826
          }
        },
        {
          "fold": 2,
          "mcrmse": 0.5281975936223836,
          "column_rmse": {
            "cohesion": 0.5458901715438075,
            "syntax": 0.5196180976959451,
            "vocabulary": 0.45313803505466776,
            "phraseology": 0.5274188392750584,
            "grammar": 0.5742692347571842,
            "conventions": 0.5488511834076387
          }
        },
        {
          "fold": 3,
          "mcrmse": 0.5327333543056083,
          "column_rmse": {
            "cohesion": 0.5579598590792866,
            "syntax": 0.526064075910311,
            "vocabulary": 0.4617222273939255,
            "phraseology": 0.5101191384836734,
            "grammar": 0.5784156837590987,
            "conventions": 0.5621191412073548
          }
        },
        {
          "fold": 4,
          "mcrmse": 0.5374586145110601,
          "column_rmse": {
            "cohesion": 0.5500906369763964,
            "syntax": 0.5313292700465998,
            "vocabulary": 0.478073371177987,
            "phraseology": 0.5406061643865663,
            "grammar": 0.5785385571970397,
            "conventions": 0.546113687281772
          }
        }
      ],
      "submission_path": "experiments\\submissions\\submission_ridge_tfidf.csv"
    },
    {
      "name": "lgbm_text_features",
      "cv_mcrmse": 0.6065380600785123,
      "column_rmse": {
        "cohesion": 0.5987427764579875,
        "syntax": 0.5851345586797176,
        "vocabulary": 0.5343154479332686,
        "phraseology": 0.6185034856678675,
        "grammar": 0.6794020250267299,
        "conventions": 0.6231300667055029
      },
      "fold_scores": [
        {
          "fold": 0,
          "mcrmse": 0.601834745320649,
          "column_rmse": {
            "cohesion": 0.583091629045369,
            "syntax": 0.586655536524728,
            "vocabulary": 0.5377767395998443,
            "phraseology": 0.6058762691938033,
            "grammar": 0.6713201841907422,
            "conventions": 0.626288113369407
          }
        },
        {
          "fold": 1,
          "mcrmse": 0.5950868437986823,
          "column_rmse": {
            "cohesion": 0.5747088166027572,
            "syntax": 0.586712088247376,
            "vocabulary": 0.5300537441850351,
            "phraseology": 0.6209267177369799,
            "grammar": 0.6572588486050904,
            "conventions": 0.6008608474148549
          }
        },
        {
          "fold": 2,
          "mcrmse": 0.602729672124711,
          "column_rmse": {
            "cohesion": 0.610775818359597,
            "syntax": 0.5756463876472998,
            "vocabulary": 0.515158097482852,
            "phraseology": 0.6145359608223774,
            "grammar": 0.6856133395834635,
            "conventions": 0.614648428852676
          }
        },
        {
          "fold": 3,
          "mcrmse": 0.6066583123599409,
          "column_rmse": {
            "cohesion": 0.6031481300946122,
            "syntax": 0.5725831916623132,
            "vocabulary": 0.5357140564715713,
            "phraseology": 0.5990986315184272,
            "grammar": 0.6876944904893183,
            "conventions": 0.6417113739234034
          }
        },
        {
          "fold": 4,
          "mcrmse": 0.6255279283709235,
          "column_rmse": {
            "cohesion": 0.6207796521029619,
            "syntax": 0.6035676529410086,
            "vocabulary": 0.552197460261398,
            "phraseology": 0.6508017513685815,
            "grammar": 0.6944783438720794,
            "conventions": 0.6313427096795121
          }
        }
      ],
      "submission_path": "experiments\\submissions\\submission_lgbm_text_features.csv"
    },
    {
      "name": "mean_baseline",
      "cv_mcrmse": 0.6528128591170438,
      "column_rmse": {
        "cohesion": 0.6624575738938074,
        "syntax": 0.6443166503300222,
        "vocabulary": 0.5830738783573488,
        "phraseology": 0.6559133669154555,
        "grammar": 0.6997512064635503,
        "conventions": 0.6713644787420782
      },
      "fold_scores": [],
      "submission_path": "experiments\\submissions\\submission_mean_baseline.csv"
    },
    {
      "name": "ridge_tfidf_per_target",
      "cv_mcrmse": 0.5252452567520948,
      "column_rmse": {
        "cohesion": 0.5417511810393412,
        "syntax": 0.5202447525160866,
        "vocabulary": 0.4621466517186097,
        "phraseology": 0.5199763704807846,
        "grammar": 0.5677907264501056,
        "conventions": 0.5395618583076404
      },
      "fold_scores": [
        {
          "fold": 0,
          "mcrmse": 0.5257201574136029,
          "column_rmse": {
            "cohesion": 0.5337982012817383,
            "syntax": 0.5152125098990046,
            "vocabulary": 0.46157365263474076,
            "phraseology": 0.5123581866965217,
            "grammar": 0.5802411049050268,
            "conventions": 0.5511372890645855
          }
        },
        {
          "fold": 1,
          "mcrmse": 0.5256127066543116,
          "column_rmse": {
            "cohesion": 0.5368277128484424,
            "syntax": 0.5292368476561543,
            "vocabulary": 0.47705157733940645,
            "phraseology": 0.5312895687635245,
            "grammar": 0.5564487655688016,
            "conventions": 0.5228217677495404
          }
        },
        {
          "fold": 2,
          "mcrmse": 0.52236826558552,
          "column_rmse": {
            "cohesion": 0.5411705519729709,
            "syntax": 0.5177272361022157,
            "vocabulary": 0.45069310521134753,
            "phraseology": 0.5214822469799532,